step,train_loss,train_acc,dev_loss,dev_acc
0,32.14289855957031,0.13175,32.001155853271484,0.12119791666666667
100,1.4378775358200073,0.47625,1.5690603256225586,0.4552083333333333
200,1.3801971673965454,0.57175,1.3047473430633545,0.57453125
300,0.9995269775390625,0.62825,1.1822080612182617,0.6331770833333333
400,0.8119837641716003,0.69675,1.0045020580291748,0.6936979166666667
500,0.7198159098625183,0.71375,0.9664130806922913,0.7086458333333333
600,1.03787100315094,0.7045,0.9631237983703613,0.71125
700,0.8786443471908569,0.73,0.8743794560432434,0.7325
800,0.9547989964485168,0.75825,0.8358343243598938,0.7449479166666667
