step,train_loss,train_acc,dev_loss,dev_acc
0,17.688749313354492,0.12275,51.976016998291016,0.12458333333333334
100,1.4190160036087036,0.55375,1.2963086366653442,0.5508333333333333
200,1.0485161542892456,0.624,1.1251493692398071,0.61375
300,0.9248400926589966,0.651,1.0264297723770142,0.6516666666666666
400,0.9621688723564148,0.67175,0.9969800710678101,0.6691145833333333
500,0.7675252556800842,0.6825,0.9492269158363342,0.6834375
600,0.792925238609314,0.712,0.9089469313621521,0.705625
700,0.7034101486206055,0.69475,0.9567763209342957,0.6997916666666667
